{
  "domain": "hard_P1",
  "n_structures": 60,
  "n_atoms_range": [
    12,
    20
  ],
  "d_min_range": [
    1.5,
    2.0
  ],
  "include_bridge": true,
  "epochs_per": 40,
  "epochs_refine": 12,
  "hidden": 128,
  "seed": 0,
  "n_feature_reflections": 18146,
  "train_final_losses": [
    0.5113871894635791,
    0.4534891088519283,
    0.46176340391671405,
    0.4727833247067023,
    0.35141186503978966,
    0.4757039255141664,
    0.4316942113306118,
    0.4772828524064165,
    0.3814445782989915,
    0.3697356904843358,
    0.40403612426077784,
    0.4714643611330821,
    0.4592338688282032,
    0.4469635570756269,
    0.44466537447029963,
    0.4300920385535057,
    0.4235758362422173,
    0.4130919854640438,
    0.42232797730705673,
    0.4097258346486021,
    0.42895891941404923,
    0.4549177630683564,
    0.3573042581111686,
    0.4236785333883327,
    0.4405959423514217,
    0.4660270170842954,
    0.46480863267065375,
    0.39638677623756535,
    0.4589452025053313,
    0.4079702471231913,
    0.44337790577948405,
    0.4663388078838082,
    0.40855110867672223,
    0.41166406670151207,
    0.4227462050345399,
    0.35967692239854715,
    0.41853648334744153,
    0.3566571666750557,
    0.38119961581283157,
    0.45088316156778063,
    0.42773809251039696,
    0.38166235371219653,
    0.40523977945806494,
    0.4390402797785578,
    0.3894253841184175,
    0.46378671295667956,
    0.43974550782545574,
    0.4142263630393157,
    0.4016808382338068,
    0.42709056769689047,
    0.4134394655894377,
    0.43263689303419406,
    0.4429689038181131,
    0.4498036816478915,
    0.4181909473464261,
    0.45059654843599245,
    0.3911222366515409,
    0.4522373538707162,
    0.40852241259854416,
    0.4915755133479502
  ],
  "train_mpe_deg": [
    73.49647197539245,
    65.12372105032053,
    71.12443214663647,
    68.12489630239017,
    53.53690497065615,
    70.23585039810796,
    60.99462782426157,
    76.3921283673788,
    56.29898936366206,
    54.12524297268061,
    58.07485077307723,
    72.14540245611825,
    67.26456272660381,
    64.32305156205952,
    62.93358512369029,
    66.61587193586718,
    61.97328472516758,
    62.49277604483218,
    62.88236288716674,
    60.59113143761448,
    63.33985922332597,
    65.57271849151283,
    55.9214739173943,
    62.443669015044726,
    67.11040703643341,
    66.62096973588734,
    66.3743233757862,
    60.001497717290434,
    68.38952017399907,
    61.8922727933273,
    65.6850587576464,
    67.09420129487619,
    55.98769925029003,
    64.30760126307139,
    62.90488279300809,
    55.744998665747424,
    60.37662957419136,
    54.13388013812964,
    57.01133426047325,
    65.64888272602101,
    60.31385261703219,
    55.43781153169044,
    57.9719661614256,
    64.02245250099088,
    58.70282315081819,
    63.55436245773501,
    65.58227922087077,
    67.02832260276764,
    57.830880518931856,
    64.38195992885764,
    64.60667725985161,
    64.69937439863396,
    61.28224231873109,
    63.694286023784386,
    65.97582063348105,
    67.99108693403335,
    61.553494430129014,
    64.50947136978739,
    61.082744401071345,
    71.17334448101259
  ],
  "mean_train_mpe": 63.2784546364796,
  "mean_holdout_mpe": 64.26160679369912,
  "holdout_mpe": [
    64.1359837227626,
    67.28571570291814,
    64.98015120543522,
    64.31398522255083,
    70.98959017042586,
    60.91658347605899,
    57.20923805574216
  ],
  "feat_mu": [
    1.6453823410097586,
    0.7539810197469714,
    0.6049705510645157,
    1.6029892673415134e-18,
    6.607742018048987e-19,
    -7.036021593292902e-20
  ],
  "feat_sig": [
    1.0104584270017354,
    0.19100568820281977,
    0.2617196407949013,
    0.5092786000306975,
    0.5113418879922674,
    0.537724822360237
  ],
  "note": "Domain-matched PhaseMLP for synthetic P1 hard cells. Use as AI-PhaSeed prior via hard_p1_phaseed_solve. Not a claimed multi-SG or experimental general solver.",
  "train_seconds": 216.2947142124176,
  "holdout_solve": [
    {
      "n_atoms": 17,
      "d_min": 1.7,
      "seed": 757058591,
      "prior_mpe_deg": 64.07895943960018,
      "prior_mapcc": 0.5298563467422848,
      "hard_p1_phaseed_mapcc": 0.537583834768275,
      "hard_p1_phaseed_solved": false,
      "hard_p1_phaseed_peak": 0.21428571428571427,
      "cf_mapcc": 0.46085777822559953,
      "cf_solved": false,
      "random_phaseed_mapcc": 0.37136469489469076,
      "random_phaseed_solved": false
    },
    {
      "n_atoms": 14,
      "d_min": 1.5,
      "seed": 1288641640,
      "prior_mpe_deg": 59.93986027703308,
      "prior_mapcc": 0.46298649983526907,
      "hard_p1_phaseed_mapcc": 0.4742422124239708,
      "hard_p1_phaseed_solved": false,
      "hard_p1_phaseed_peak": 0.36363636363636365,
      "cf_mapcc": 0.419593156024497,
      "cf_solved": false,
      "random_phaseed_mapcc": 0.3826229536004884,
      "random_phaseed_solved": false
    },
    {
      "n_atoms": 14,
      "d_min": 2.0,
      "seed": 690593824,
      "prior_mpe_deg": 68.42262306910925,
      "prior_mapcc": 0.5164693696227843,
      "hard_p1_phaseed_mapcc": 0.5272232430505871,
      "hard_p1_phaseed_solved": false,
      "hard_p1_phaseed_peak": 0.5454545454545454,
      "cf_mapcc": 0.4403029254401774,
      "cf_solved": false,
      "random_phaseed_mapcc": 0.3832655782625491,
      "random_phaseed_solved": false
    },
    {
      "n_atoms": 13,
      "d_min": 1.5,
      "seed": 723790941,
      "prior_mpe_deg": 70.13799882071591,
      "prior_mapcc": 0.5031814815207631,
      "hard_p1_phaseed_mapcc": 0.5170976606577861,
      "hard_p1_phaseed_solved": false,
      "hard_p1_phaseed_peak": 0.8,
      "cf_mapcc": 0.5668025499811079,
      "cf_solved": false,
      "random_phaseed_mapcc": 0.312671401400327,
      "random_phaseed_solved": false
    },
    {
      "n_atoms": 14,
      "d_min": 1.7,
      "seed": 899191077,
      "prior_mpe_deg": 64.62205035976955,
      "prior_mapcc": 0.508968762055904,
      "hard_p1_phaseed_mapcc": 0.5323368709902191,
      "hard_p1_phaseed_solved": false,
      "hard_p1_phaseed_peak": 0.36363636363636365,
      "cf_mapcc": 0.45070340395859293,
      "cf_solved": false,
      "random_phaseed_mapcc": 0.46021132819841226,
      "random_phaseed_solved": false
    },
    {
      "n_atoms": 15,
      "d_min": 1.7,
      "seed": 1580651958,
      "prior_mpe_deg": 75.92463462481659,
      "prior_mapcc": 0.46433704142452276,
      "hard_p1_phaseed_mapcc": 0.4684972715740394,
      "hard_p1_phaseed_solved": false,
      "hard_p1_phaseed_peak": 0.5,
      "cf_mapcc": 0.4990143304483115,
      "cf_solved": false,
      "random_phaseed_mapcc": 0.28849402006536257,
      "random_phaseed_solved": false
    },
    {
      "n_atoms": 12,
      "d_min": 1.7,
      "seed": 2031875823,
      "prior_mpe_deg": 77.59552013666467,
      "prior_mapcc": 0.5252809390768857,
      "hard_p1_phaseed_mapcc": 0.5255313099764136,
      "hard_p1_phaseed_solved": false,
      "hard_p1_phaseed_peak": 0.5555555555555556,
      "cf_mapcc": 0.6346534138341234,
      "cf_solved": false,
      "random_phaseed_mapcc": 0.3648688282479432,
      "random_phaseed_solved": false
    },
    {
      "n_atoms": 12,
      "d_min": 1.7,
      "seed": 356607700,
      "prior_mpe_deg": 61.56114540388819,
      "prior_mapcc": 0.5329285614126132,
      "hard_p1_phaseed_mapcc": 0.5471684553832424,
      "hard_p1_phaseed_solved": false,
      "hard_p1_phaseed_peak": 0.4444444444444444,
      "cf_mapcc": 0.5068966936884262,
      "cf_solved": false,
      "random_phaseed_mapcc": 0.4245117401767948,
      "random_phaseed_solved": false
    }
  ],
  "eval_seconds": 119.03893399238586
}