{
  "rows": [
    {
      "n_atoms": 12,
      "d_min": 1.5,
      "seed": 0,
      "n_refl": 282,
      "classical_primary": "B+C",
      "classical_bestCC": 0.5192083576848083,
      "classical_fomPickCC": 0.3067171223577286,
      "classical_Ctrue": 0.8525012826604956,
      "classical_fom_inversion": false,
      "phai_status": "ok",
      "phai_primary": "B+C",
      "phai_bestCC": 0.5053107395586317,
      "phai_fomPickCC": 0.32114580537535614,
      "phai_seed_mapcc": 0.2864877681708835,
      "phai_Ctrue": 0.8525012826604956,
      "phai_fom_inversion": false,
      "improved": false,
      "label_upgrade": false
    },
    {
      "n_atoms": 12,
      "d_min": 1.5,
      "seed": 1,
      "n_refl": 298,
      "classical_primary": "A",
      "classical_bestCC": 0.638343062875949,
      "classical_fomPickCC": 0.3559539407565233,
      "classical_Ctrue": 0.8613013359958104,
      "classical_fom_inversion": false,
      "phai_status": "ok",
      "phai_primary": "near",
      "phai_bestCC": 0.6883039843123631,
      "phai_fomPickCC": 0.665068339664945,
      "phai_seed_mapcc": 0.3533540853446291,
      "phai_Ctrue": 0.8613013359958104,
      "phai_fom_inversion": false,
      "improved": true,
      "label_upgrade": true
    },
    {
      "n_atoms": 12,
      "d_min": 1.5,
      "seed": 2,
      "n_refl": 368,
      "classical_primary": "near",
      "classical_bestCC": 0.6489998608973475,
      "classical_fomPickCC": 0.6489998608973475,
      "classical_Ctrue": 0.8549353580198699,
      "classical_fom_inversion": false,
      "phai_status": "ok",
      "phai_primary": "solved",
      "phai_bestCC": 0.7888267972206863,
      "phai_fomPickCC": 0.7888267972206863,
      "phai_seed_mapcc": 0.22364651053045181,
      "phai_Ctrue": 0.8549353580198699,
      "phai_fom_inversion": false,
      "improved": true,
      "label_upgrade": true
    },
    {
      "n_atoms": 12,
      "d_min": 2.0,
      "seed": 0,
      "n_refl": 118,
      "classical_primary": "B+C",
      "classical_bestCC": 0.4669672481189536,
      "classical_fomPickCC": 0.4427730839310317,
      "classical_Ctrue": 0.7607806511323195,
      "classical_fom_inversion": false,
      "phai_status": "ok",
      "phai_primary": "B+C",
      "phai_bestCC": 0.5110690015639328,
      "phai_fomPickCC": 0.496584705887825,
      "phai_seed_mapcc": 0.40806413299735117,
      "phai_Ctrue": 0.7607806511323195,
      "phai_fom_inversion": false,
      "improved": false,
      "label_upgrade": false
    },
    {
      "n_atoms": 12,
      "d_min": 2.0,
      "seed": 1,
      "n_refl": 118,
      "classical_primary": "B",
      "classical_bestCC": 0.4750624795803524,
      "classical_fomPickCC": 0.4750624795803524,
      "classical_Ctrue": 0.7709117648013241,
      "classical_fom_inversion": false,
      "phai_status": "ok",
      "phai_primary": "A",
      "phai_bestCC": 0.5594419799706455,
      "phai_fomPickCC": 0.45306185296140516,
      "phai_seed_mapcc": 0.4641573445722749,
      "phai_Ctrue": 0.7709117648013241,
      "phai_fom_inversion": false,
      "improved": true,
      "label_upgrade": true
    },
    {
      "n_atoms": 12,
      "d_min": 2.0,
      "seed": 2,
      "n_refl": 148,
      "classical_primary": "B+C",
      "classical_bestCC": 0.48617273084253304,
      "classical_fomPickCC": 0.4546020566199211,
      "classical_Ctrue": 0.7909590121721155,
      "classical_fom_inversion": false,
      "phai_status": "ok",
      "phai_primary": "B+C",
      "phai_bestCC": 0.4608364717431385,
      "phai_fomPickCC": 0.4237533288442689,
      "phai_seed_mapcc": 0.3450048311035768,
      "phai_Ctrue": 0.7909590121721155,
      "phai_fom_inversion": false,
      "improved": false,
      "label_upgrade": false
    },
    {
      "n_atoms": 16,
      "d_min": 1.5,
      "seed": 0,
      "n_refl": 374,
      "classical_primary": "A",
      "classical_bestCC": 0.5564926693902202,
      "classical_fomPickCC": 0.3158891165192776,
      "classical_Ctrue": 0.8572474810732506,
      "classical_fom_inversion": false,
      "phai_status": "ok",
      "phai_primary": "B+C",
      "phai_bestCC": 0.5329728830676851,
      "phai_fomPickCC": 0.5329728830676851,
      "phai_seed_mapcc": 0.3314365977516088,
      "phai_Ctrue": 0.8572474810732506,
      "phai_fom_inversion": false,
      "improved": false,
      "label_upgrade": true
    },
    {
      "n_atoms": 16,
      "d_min": 1.5,
      "seed": 1,
      "n_refl": 350,
      "classical_primary": "B+C",
      "classical_bestCC": 0.5158128903320799,
      "classical_fomPickCC": 0.4864921503757544,
      "classical_Ctrue": 0.8550187748493583,
      "classical_fom_inversion": false,
      "phai_status": "ok",
      "phai_primary": "B+C",
      "phai_bestCC": 0.5213335587599771,
      "phai_fomPickCC": 0.5132071820186106,
      "phai_seed_mapcc": 0.31959877516851104,
      "phai_Ctrue": 0.8550187748493583,
      "phai_fom_inversion": false,
      "improved": false,
      "label_upgrade": false
    },
    {
      "n_atoms": 16,
      "d_min": 1.5,
      "seed": 2,
      "n_refl": 368,
      "classical_primary": "B+C",
      "classical_bestCC": 0.5326172536204461,
      "classical_fomPickCC": 0.3674537194409493,
      "classical_Ctrue": 0.8546651854918907,
      "classical_fom_inversion": false,
      "phai_status": "ok",
      "phai_primary": "B+C",
      "phai_bestCC": 0.5169292461713011,
      "phai_fomPickCC": 0.29827435480986175,
      "phai_seed_mapcc": 0.25178287136256106,
      "phai_Ctrue": 0.8546651854918907,
      "phai_fom_inversion": false,
      "improved": false,
      "label_upgrade": false
    },
    {
      "n_atoms": 20,
      "d_min": 1.5,
      "seed": 0,
      "n_refl": 470,
      "classical_primary": "B+C",
      "classical_bestCC": 0.43845034532246185,
      "classical_fomPickCC": 0.3132911131914292,
      "classical_Ctrue": 0.8555876152673427,
      "classical_fom_inversion": false,
      "phai_status": "ok",
      "phai_primary": "B+C",
      "phai_bestCC": 0.4481201846334203,
      "phai_fomPickCC": 0.40658088395031705,
      "phai_seed_mapcc": 0.23992236921169885,
      "phai_Ctrue": 0.8555876152673427,
      "phai_fom_inversion": false,
      "improved": false,
      "label_upgrade": false
    },
    {
      "n_atoms": 20,
      "d_min": 1.5,
      "seed": 1,
      "n_refl": 430,
      "classical_primary": "B+C",
      "classical_bestCC": 0.3836428409995895,
      "classical_fomPickCC": 0.37730312774814545,
      "classical_Ctrue": 0.8473523884085993,
      "classical_fom_inversion": false,
      "phai_status": "ok",
      "phai_primary": "B+C",
      "phai_bestCC": 0.3861397866777884,
      "phai_fomPickCC": 0.3733149130861704,
      "phai_seed_mapcc": 0.3007710454188484,
      "phai_Ctrue": 0.8473523884085993,
      "phai_fom_inversion": false,
      "improved": false,
      "label_upgrade": false
    },
    {
      "n_atoms": 20,
      "d_min": 1.5,
      "seed": 2,
      "n_refl": 398,
      "classical_primary": "B+C",
      "classical_bestCC": 0.4936397611458454,
      "classical_fomPickCC": 0.2937776470666862,
      "classical_Ctrue": 0.8452713065540127,
      "classical_fom_inversion": false,
      "phai_status": "ok",
      "phai_primary": "B+C",
      "phai_bestCC": 0.4384951713993363,
      "phai_fomPickCC": 0.4384951713993363,
      "phai_seed_mapcc": 0.2924006713691904,
      "phai_Ctrue": 0.8452713065540127,
      "phai_fom_inversion": false,
      "improved": false,
      "label_upgrade": false
    }
  ],
  "summary_classical": {
    "n": 12,
    "counts": {
      "solved": 0,
      "near": 1,
      "A": 2,
      "B": 1,
      "C": 0,
      "A+B": 0,
      "B+C": 8,
      "unknown": 0
    },
    "rates": {
      "solved": 0.0,
      "near": 0.08333333333333333,
      "A": 0.16666666666666666,
      "B": 0.08333333333333333,
      "C": 0.0,
      "A+B": 0.0,
      "B+C": 0.6666666666666666,
      "unknown": 0.0
    },
    "by_region": {
      "easy": {},
      "hard": {
        "B+C": 8,
        "A": 2,
        "near": 1,