{
  "n_structures": 16,
  "n_atoms_range": [
    12,
    20
  ],
  "d_min_range": [
    1.5,
    2.0
  ],
  "epochs_per": 40,
  "hidden": 96,
  "seed": 0,
  "final_losses": [
    0.5218184412131228,
    0.5153722779874895,
    0.5288333732916467,
    0.5415015964372036,
    0.5295265573875397,
    0.5418891084613404,
    0.5000604813362053,
    0.49937091811746753,
    0.46564862449430544,
    0.539510656386182,
    0.5361853039227997,
    0.5372874411413517,
    0.531922871199109,
    0.43600218239092897,
    0.5448149675207931,
    0.5403248814998678
  ],
  "mean_mpe_deg": [
    77.91742785859603,
    76.90184701396761,
    81.18774619491398,
    87.45770052177522,
    80.8386417405588,
    88.46444750999197,
    75.43356742458579,
    73.07446466490798,
    62.84932012983253,
    85.34835487822232,
    84.33691848311105,
    83.84335057046975,
    79.10972183032496,
    61.357949894883966,
    85.54127429417872,
    89.06203921561342
  ],
  "mean_final_loss": 0.5193793551742096,
  "mean_mpe": 79.54529826412087,
  "feat_mu": [
    1.732061695807564,
    0.7551924998101675,
    0.6067701380167871,
    2.906480088051707e-18,
    3.325432172815917e-18,
    4.582288427108547e-19
  ],
  "feat_sig": [
    1.0054482704848962,
    0.19093042252940562,
    0.26249993191910853,
    0.5124052355116131,
    0.5097277880995846,
    0.5315432813591677
  ],
  "note": "Trained on hard synthetic region (n\u226512, d_min\u22651.5). Use via recycle_net_solve / phase_fn inside phase_recycle. Not a claimed general experimental solver.",
  "train_seconds": 1.8829858303070068,
  "holdout": [
    {
      "n_atoms": 13,
      "d_min": 1.8,
      "seed": 1821970821,
      "recycle_net_mapcc": 0.3544787323975196,
      "recycle_net_solved": false,
      "recycle_mapcc": 0.5420364036109109,
      "recycle_solved": false,
      "cf_mapcc": 0.5988133022077661,
      "cf_solved": false
    },
    {
      "n_atoms": 15,
      "d_min": 2.0,
      "seed": 1011339808,
      "recycle_net_mapcc": 0.3310082812114311,
      "recycle_net_solved": false,
      "recycle_mapcc": 0.48766268480552283,
      "recycle_solved": false,
      "cf_mapcc": 0.3629215389706009,
      "cf_solved": false
    },
    {
      "n_atoms": 13,
      "d_min": 1.5,
      "seed": 1080082184,
      "recycle_net_mapcc": 0.25781882479334245,
      "recycle_net_solved": false,
      "recycle_mapcc": 0.35892251648680057,
      "recycle_solved": false,
      "cf_mapcc": 0.610062737093085,
      "cf_solved": false
    },
    {
      "n_atoms": 14,
      "d_min": 1.5,
      "seed": 410247287,
      "recycle_net_mapcc": 0.23399899485898334,
      "recycle_net_solved": false,
      "recycle_mapcc": 0.3833963482828621,
      "recycle_solved": false,
      "cf_mapcc": 0.5039025600204391,
      "cf_solved": false
    }
  ]
}