{
  "architecture": "GraphPhaseNet",
  "scale": "v4_scale_seed_melg",
  "domain": "hard_multi_SG",
  "n_structures": 120,
  "n_packs": 120,
  "n_wilson_matched": 120,
  "n_atoms_range": [
    12,
    20
  ],
  "d_min_range": [
    1.5,
    2.0
  ],
  "hidden": 128,
  "n_layers": 3,
  "residual": true,
  "optimizer": "adam",
  "d_in": 10,
  "max_reflections": 120,
  "epochs_per": 12,
  "n_global_passes": 2,
  "epochs_refine": 5,
  "triplet_weight": 0.15,
  "curriculum": true,
  "wilson_match": true,
  "e_power": 2.0,
  "top_frac": 0.5,
  "top_boost": 3.0,
  "within_weight": 0.35,
  "within_deg": 20.0,
  "hard_oversample": 1.0,
  "use_melgalvis_gen": true,
  "melgalvis_mode": "hybrid",
  "seed": 7,
  "train_losses": [
    0.5174362586887762,
    0.4385500244314365,
    0.23508034269033162,
    0.4537259637103811,
    0.3768359007724978,
    0.4001867163325505,
    0.4106219712894553,
    0.3676347745117113,
    0.3155416412043114,
    0.3515113083408392,
    0.16578059333054407,
    0.40113975672561714,
    0.5039138775311566,
    0.5120613216972966,
    0.4255009382498769,
    0.45827458680665834,
    0.4882812479426442,
    0.4327689718781402,
    0.4522661488632186,
    0.43301266803033406,
    0.4216265980974943,
    0.38283990326149847,
    0.49785317551622893,
    0.48458538587055894,
    0.44973200324031326,
    0.43089131230241157,
    0.3565300055986787,
    0.31163519254615263,
    0.519349826627603,
    0.3076806487303972,
    0.25310869330701713,
    0.36280611515982536,
    0.4708908196479089,
    0.4622892169356832,
    0.3517507799737424,
    0.34929918962978945,
    0.38716712587412677,
    0.3889398126654475,
    0.27174903573409404,
    0.4744176937686527,
    0.4417895880012847,
    0.462563526000339,
    0.45861010080040154,
    0.491129820368883,
    0.31684017382159374,
    0.49760412587690633,
    0.4796058765686495,
    0.41804352960140123,
    0.3643797747244551,
    0.48881272705838164,
    0.4559658402899621,
    0.4816654091045317,
    0.36391057738348564,
    0.4425086106100178,
    0.4913592575698205,
    0.46056080014921263,
    0.3649017194198746,
    0.35736385252210273,
    0.24836296737336264,
    0.3339686603007916,
    0.47155462350535815,
    0.45203973332878233,
    0.3862630269149249,
    0.29808173955198997,
    0.37470865050677155,
    0.5248066913389979,
    0.5074438875970374,
    0.51466170977789,
    0.4981676348481714,
    0.4399754968575162,
    0.4708121665320711,
    0.4494888532051767,
    0.39020465444944485,
    0.3816204165690563,
    0.46645139641685757,
    0.3950559137503797,
    0.3764028324196894,
    0.35283439209509815,
    0.5001436312803559,
    0.4949361094876511,
    0.35181991402166374,
    0.3648050185742076,
    0.25594138537096245,
    0.3292599310371369,
    0.4604250024853516,
    0.316507150365917,
    0.3897588305534695,
    0.5106150601744016,
    0.45678787810914584,
    0.5103039693995447,
    0.5525967198079125,
    0.44577785825447497,
    0.362219460702235,
    0.5335736138821318,
    0.520746652518987,
    0.44395090427650724,
    0.5168169590277787,
    0.4599586532820591,
    0.3261636906143225,
    0.5271049988433414,
    0.5383072231305233,
    0.41027042664503555,
    0.3475942266107057,
    0.48394499488299364,
    0.5244721198032934,
    0.49245247632514866,
    0.456335522634258,
    0.32525129157058147,
    0.5088899566995326,
    0.46236874820080287,
    0.5488056486329504,
    0.4190963116302452,
    0.48187338261279233,
    0.4321055415526753,
    0.5331730906978666,
    0.5280197768514845,
    0.40320738090460273,
    0.39085109658453854,
    0.5089144114868625,
    0.49820506624756256,
    0.5605002298046677,
    0.4818301037386596,
    0.5103917740109151,
    0.5517846639689414,
    0.5164553761941606,
    0.5613181074850596,
    0.5614256323160595,
    0.4764026861151359,
    0.49160946200217187,
    0.4707941505018747,
    0.39975745825955294,
    0.5129308737526642,
    0.45976157523473915,
    0.3720362331773981,
    0.5450287687758673,
    0.5362035862043207,
    0.530695649954894,
    0.4679663085167117,
    0.5333341111841251,
    0.4771423971815262,
    0.5213072477744587,
    0.5183402352050874,
    0.48849194378257454,
    0.4817234795663117,
    0.46829730279912873,
    0.4251573242241863,
    0.2984061506630724,
    0.4775229098012389,
    0.5119396061995369,
    0.46380575375210037,
    0.27599908190725536,
    0.6127788693873495,
    0.4407069332232731,
    0.5491621454672215,
    0.5545644611287648,
    0.5130457077529296,
    0.4667071683526558,
    0.4338093746231463,
    0.5376134966156905,
    0.38307733545148437,
    0.6003263972667275,
    0.45284708206259233,
    0.4209202478571104,
    0.436971134020924,
    0.4234889739611772,
    0.6589371616596805,
    0.4119902362216634,
    0.5939601949455202,
    0.45627230750361536,
    0.49345218636146615,
    0.5363497658875864,
    0.4944443764479374,
    0.539878986206223,
    0.5574415077236097,
    0.5283229530658512,
    0.4719723452740201,
    0.5224477575161692,
    0.49448989328438786,
    0.47476304160088645,
    0.429632536878571,
    0.4673127147774608,
    0.5136374846014238,
    0.5066743509154638,
    0.3438670028137,
    0.6760248007756812,
    0.37791489807191014,
    0.4020272293328449,
    0.46823961691166743,
    0.49947860465169897,
    0.5445086186049245,
    0.583079694797684,
    0.5650792214252268,
    0.5655339866094252,
    0.5472835571492689,
    0.5233690132989638,
    0.5518767753074876,
    0.5465232338714836,
    0.5693761694801924,
    0.5475718836198704,
    0.5080924373466463,
    0.48870911482017376,
    0.5257631062257607,
    0.5419728581525458,
    0.463623250254094,
    0.49496487044705395,
    0.47761508259077623,
    0.38415674969628116,
    0.4884732963151118,
    0.43982177982948134,
    0.602447412978359,
    0.5957484165891758,
    0.41234170925961056,
    0.4374792876278466,
    0.5879434414527068,
    0.6187765790368629,
    0.5394899484791752,
    0.48356131642071964,
    0.4813298911841225,
    0.5082436820649177,
    0.5169672221344543,
    0.5337794674038514,
    0.5074449527024006,
    0.4136087738952633,
    0.5049787450659026,
    0.4166149538614382,
    0.6496238380407339,
    0.514574227742893,
    0.5235834812393139,
    0.5510848199553132,
    0.4378335872842225,
    0.5664237252073128,
    0.4677419629725576,
    0.476185453426001,
    0.4527760222056929,
    0.4232970607709028,
    0.5145248694327782,
    0.6420609509648113,
    0.4932158955740567,
    0.43251132888797983,
    0.5248477513574272
  ],
  "train_mpe_oi": [
    75.83831354493925,
    71.543896504572,
    79.67464393533344,
    66.39682026950435,
    78.00730185148717,
    77.72981595600572,
    79.13657402329991,
    68.37764296463556,
    68.63418243744151,
    71.69295550556046
  ],
  "train_strong_mpe_oi": [
    72.78078047007989,
    65.89731960261807,
    76.31557708193716,
    62.98815526927335,
    74.18826608420437,
    74.35455380404345,
    77.33111609656451,
    63.28730885872462,
    64.2456955233407,
    66.81764279704144
  ],
  "train_frac_within_20": [
    0.17125156203278707,
    0.2331748733605699,
    0.13985627709144813,
    0.18484853599814094,
    0.18467160669332672,
    0.12384269322374983,
    0.13832498999642054,
    0.14868526108716318,
    0.39237365639321703,
    0.19220221432317178
  ],
  "pass_strong_mpe_oi": [
    70.43401970162257,
    69.82064155878277
  ],
  "pass_frac20": [
    0.18276057103525453,
    0.1909231670199995
  ],
  "mean_train_mpe_oi": 73.70321469927794,
  "mean_train_strong_mpe_oi": 69.82064155878277,
  "mean_train_frac_within_20": 0.1909231670199995,
  "holdout": [
    {
      "n_atoms": 19,
      "d_min": 1.7774708917072934,
      "space_group": "P1",
      "mpe_oi": 73.28145390150948,
      "mapcc_prior": 0.4332312228271218,
      "strong_mpe_oi": 63.85627071464142,
      "frac_within_deg": 0.2520215463184992,
      "would_seed_solve": false,
      "n_strong": 64
    },
    {
      "n_atoms": 15,