{
  "architecture": "GraphPhaseNet",
  "domain": "hard_multi_SG",
  "n_structures": 50,
  "n_atoms_range": [
    12,
    20
  ],
  "d_min_range": [
    1.5,
    2.0
  ],
  "hidden": 80,
  "n_layers": 2,
  "max_reflections": 90,
  "epochs_per": 30,
  "epochs_refine": 10,
  "seed": 0,
  "train_losses": [
    0.4884228535260197,
    0.46086154393596745,
    0.48736199386341683,
    0.42103168518960815,
    0.40698795449985764,
    0.45917880134513966,
    0.4080663280383283,
    0.4291683337620217,
    0.4183616622880999,
    0.4413469109273036,
    0.4809863667448325,
    0.4453307853732449,
    0.4667821169939842,
    0.47909325410961845,
    0.4636463776843107,
    0.29857389290322905,
    0.4013158575119201,
    0.3279932525499657,
    0.4876216151967389,
    0.43278177278653907,
    0.3548506618522912,
    0.4713555846473505,
    0.42677706895275397,
    0.4274463726901955,
    0.4058228508178253,
    0.43095522767034977,
    0.4947744996625083,
    0.41147594932358517,
    0.3894555863154675,
    0.39557749287359484,
    0.41221017686625416,
    0.3661784734533586,
    0.3238786675593766,
    0.4486209510067941,
    0.4556561116916763,
    0.44181991944335436,
    0.4351011571487862,
    0.43387225114848327,
    0.4498775681911707,
    0.3246347740273793,
    0.3409490220611405,
    0.4576557371739195,
    0.5166203301829857,
    0.3498522357342693,
    0.4250643326812528,
    0.48713324893337673,
    0.43376646888568704,
    0.5192450334739599,
    0.37680806109104675,
    0.49441791685101555
  ],
  "train_mpe_oi": [
    76.52348600718705,
    60.29651818678248,
    68.47417060344841,
    60.84485544324799,
    61.699886157619495,
    55.961171066058675,
    64.5367325684446,
    56.435244591976506,
    63.05132796635153,
    61.66745524808986,
    61.29579582313762,
    56.863552960661785,
    67.35631232861904,
    61.45651018624434,
    66.68948635055072,
    62.88975109548548,
    54.54914609942586,
    30.494288620921665,
    66.24022739009303,
    73.38574086855074,
    49.4317355185982,
    70.64717767498678,
    64.37343135551266,
    51.83280978401099,
    56.98604989837028,
    43.772014552596474,
    64.37914380942372,
    65.0313595830533,
    56.38305315691829,
    62.52842555458959,
    60.50617775084373,
    46.740444618606254,
    60.37269853961354,
    65.58802792351304,
    64.50425796894034,
    64.02611576383714,
    58.25932207325622,
    76.91381025353995,
    59.658161249812416,
    49.26192454936069,
    48.16076960368629,
    62.909876880004546,
    59.992207865370275,
    48.957250309884934,
    68.4162707947312,
    54.89696938685739,
    72.13916499390544,
    64.6637689129028,
    51.96969860785604,
    54.04714619008395
  ],
  "mean_train_mpe_oi": 60.161218493751264,
  "holdout": [
    {
      "n_atoms": 18,
      "d_min": 1.5255663054117394,
      "space_group": "P1",
      "mpe_oi": 73.35981176404276,
      "mapcc_prior": 0.3365588914255071
    },
    {
      "n_atoms": 20,
      "d_min": 1.8424461002151162,
      "space_group": "P1",
      "mpe_oi": 75.28535967296901,
      "mapcc_prior": 0.33960289667292065
    },
    {
      "n_atoms": 15,
      "d_min": 1.9044621688072243,
      "space_group": "P1",
      "mpe_oi": 65.98149440524584,
      "mapcc_prior": 0.5420781552599484
    },
    {
      "n_atoms": 14,
      "d_min": 1.8428577037589806,
      "space_group": "P1",
      "mpe_oi": 76.43651963428582,
      "mapcc_prior": 0.4790536760890256
    },
    {
      "n_atoms": 30,
      "d_min": 1.5347875253832803,
      "space_group": "P-1",
      "mpe_oi": 73.45680355366444,
      "mapcc_prior": 0.46530584500479777
    }
  ],
  "mean_holdout_mpe_oi": 72.90399780604156,
  "mean_holdout_mapcc_prior": 0.4325198928904399,
  "feat_mu": [
    1.4517935427967636,
    0.7547325919099374,
    0.6083960163929126,
    0.6084790136741304,
    2.836457791896197,
    0.0007822812330149857,
    -0.00013005668141936497,
    -0.0007598194181003402
  ],
  "feat_sig": [
    0.34106560433845023,
    0.19691300389212646,
    0.26748164154891346,
    0.2070629876898272,
    1.1545002005000475,
    0.5242032206129749,
    0.526151725831277,
    0.5348185617953567
  ],
  "note": "Triplet-graph phase prior for hard multi-SG synthetic. Use strong_prior_phaseed_solve. Not a claimed general experimental solver.",
  "train_seconds": 86.94703412055969,
  "holdout_solve": [
    {
      "n_atoms": 13,
      "d_min": 2.0,
      "seed": 894166910,
      "graph_prior_mpe_oi": 66.46834350281767,
      "graph_prior_mapcc": 0.47777567806327365,
      "strong_phaseed_mapcc": 0.4924504166362312,
      "strong_phaseed_solved": false,
      "strong_phaseed_peak": 0.7,
      "cf_mapcc": 0.4374459787526617,
      "cf_solved": false,
      "hard_p1_phaseed_mapcc": 0.5284971598966259,
      "hard_p1_phaseed_solved": false
    },
    {
      "n_atoms": 16,
      "d_min": 1.7,
      "seed": 1191339938,
      "graph_prior_mpe_oi": 73.05514170699892,
      "graph_prior_mapcc": 0.4136460769856778,
      "strong_phaseed_mapcc": 0.4565532891895438,
      "strong_phaseed_solved": false,
      "strong_phaseed_peak": 0.5384615384615384,
      "cf_mapcc": 0.44566719464970517,
      "cf_solved": false,
      "hard_p1_phaseed_mapcc": 0.48298666308533833,
      "hard_p1_phaseed_solved": false
    },
    {
      "n_atoms": 17,
      "d_min": 2.0,
      "seed": 91504256,
      "graph_prior_mpe_oi": 62.55134679726135,
      "graph_prior_mapcc": 0.4848661263203175,
      "strong_phaseed_mapcc": 0.5009000521736926,
      "strong_phaseed_solved": false,
      "strong_phaseed_peak": 0.35714285714285715,
      "cf_mapcc": 0.44518844466243496,
      "cf_solved": false,
      "hard_p1_phaseed_mapcc": 0.4790036279227561,
      "hard_p1_phaseed_solved": false
    },
    {
      "n_atoms": 17,
      "d_min": 1.5,
      "seed": 1329992937,
      "graph_prior_mpe_oi": 76.82520431560026,
      "graph_prior_mapcc": 0.4164600865727522,
      "strong_phaseed_mapcc": 0.4766320945358132,
      "strong_phaseed_solved": false,
      "strong_phaseed_peak": 0.5714285714285714,
      "cf_mapcc": 0.43939690881411186,
      "cf_solved": false,
      "hard_p1_phaseed_mapcc": 0.48783978119809623,
      "hard_p1_phaseed_solved": false
    },
    {
      "n_atoms": 12,
      "d_min": 2.0,
      "seed": 1479972353,
      "graph_prior_mpe_oi": 71.02266044340712,
      "graph_prior_mapcc": 0.5633430130051261,
      "strong_phaseed_mapcc": 0.5983933646995485,
      "strong_phaseed_solved": false,
      "strong_phaseed_peak": 0.5555555555555556,
      "cf_mapcc": 0.5720520128745374,
      "cf_solved": false,
      "hard_p1_phaseed_mapcc": 0.6206293348900072,
      "hard_p1_phaseed_solved": false
    },
    {
      "n_atoms": 15,
      "d_min": 1.5,
      "seed": 1758251194,
      "graph_prior_mpe_oi": 76.68653864234606,
      "graph_prior_mapcc": 0.3236138114894515,
      "strong_phaseed_mapcc": 0.3528184109924125,
      "strong_phaseed_solved": false,
      "strong_phaseed_peak": 0.6666666666666666,
      "cf_mapcc": 0.5098804137914427,
      "cf_solved": false,
      "hard_p1_phaseed_mapcc": 0.4649596169902647,
      "hard_p1_phaseed_solved": false
    }
  ],
  "eval_seconds": 12.116706132888794
}