{
  "n_synthetic": 8,
  "template_path": "data/processed/wilson_ref_template.npz",
  "experimental": "COD_2017775_exp_dmin1.2",
  "easy_vs_exp_raw": {
    "n_synthetic": 4,
    "mean_domain_gap_score": 2.1356264446388495,
    "std_domain_gap_score": 1.0350082976576551,
    "min_domain_gap_score": 1.125447434964496,
    "max_domain_gap_score": 3.575432406970994
  },
  "hard_vs_exp_raw": {
    "n_synthetic": 4,
    "mean_domain_gap_score": 11.743287888832574,
    "std_domain_gap_score": 11.83177412343757,
    "min_domain_gap_score": 3.9165123125329284,
    "max_domain_gap_score": 32.16951045450925
  },
  "all_vs_exp_raw": {
    "n_synthetic": 8,
    "mean_domain_gap_score": 6.939457166735712,
    "std_domain_gap_score": 9.675114994081218,
    "min_domain_gap_score": 1.125447434964496,
    "max_domain_gap_score": 32.16951045450925
  },
  "ablations": {
    "slope_only": {
      "hard": {
        "n": 4,
        "mean_gap_before": 11.743287888832574,
        "mean_gap_after": 2.5043405858439423,
        "mean_reduction": 9.238947302988633,
        "mean_reduction_frac": 0.5799750886042687
      },
      "easy": {
        "n": 4,
        "mean_gap_before": 2.1356264446388495,
        "mean_gap_after": 0.8559962911868576,
        "mean_reduction": 1.2796301534519918,
        "mean_reduction_frac": 0.5099081977614391
      },
      "all": {
        "n": 8,
        "mean_gap_before": 6.939457166735712,
        "mean_gap_after": 1.6801684385154,
        "mean_reduction": 5.259288728220311,
        "mean_reduction_frac": 0.544941643182854
      }
    },
    "slope_shells": {
      "hard": {
        "n": 4,
        "mean_gap_before": 11.743287888832574,
        "mean_gap_after": 2.7866945453108403,
        "mean_reduction": 8.956593343521734,
        "mean_reduction_frac": 0.532146779420478
      },
      "easy": {
        "n": 4,
        "mean_gap_before": 2.1356264446388495,
        "mean_gap_after": 1.1778891360072898,
        "mean_reduction": 0.9577373086315595,
        "mean_reduction_frac": 0.5198799584447213
      },
      "all": {
        "n": 8,
        "mean_gap_before": 6.939457166735712,
        "mean_gap_after": 1.982291840659065,
        "mean_reduction": 4.957165326076646,
        "mean_reduction_frac": 0.5260133689325999
      }
    },
    "full": {
      "hard": {
        "n": 4,
        "mean_gap_before": 11.743287888832574,
        "mean_gap_after": 2.5321731913948247,
        "mean_reduction": 9.21111469743775,
        "mean_reduction_frac": 0.6024261237155102
      },
      "easy": {
        "n": 4,
        "mean_gap_before": 2.1356264446388495,
        "mean_gap_after": 2.286435070759663,
        "mean_reduction": -0.15080862612081392,
        "mean_reduction_frac": 0.06592708480516588
      },
      "all": {
        "n": 8,
        "mean_gap_before": 6.939457166735712,
        "mean_gap_after": 2.2643024022194407,
        "mean_reduction": 4.675154764516271,
        "mean_reduction_frac": 0.3665160562476991
      }
    }
  },
  "hard_vs_exp_matched": {
    "n": 4,
    "mean_gap_before": 11.743287888832574,
    "mean_gap_after": 2.5321731913948247,
    "mean_reduction": 9.21111469743775,
    "mean_reduction_frac": 0.6024261237155102
  },
  "easy_vs_exp_matched": {
    "n": 4,
    "mean_gap_before": 2.1356264446388495,
    "mean_gap_after": 2.286435070759663,
    "mean_reduction": -0.15080862612081392,
    "mean_reduction_frac": 0.06592708480516588
  },
  "all_vs_exp_matched": {
    "n": 8,
    "mean_gap_before": 6.939457166735712,
    "mean_gap_after": 2.2643024022194407,
    "mean_reduction": 4.675154764516271,
    "mean_reduction_frac": 0.3665160562476991
  },
  "example_hard_close": {
    "gap_before": 32.16951045450925,
    "gap_after": 2.9633610330099334,
    "gap_reduction": 29.20614942149932,
    "gap_reduction_frac": 0.9078829304163517,
    "wilson_before": {
      "slope_diff": 29.689006236371924,
      "B_a": 44.03564141926783,
      "B_b": 14.34663518289591,
      "intensity_quantile_L1": 0.18703726284193686,
      "domain_gap_score": 29.87604349921386
    },
    "wilson_after": {
      "slope_diff": 0.9388619739040873,
      "B_a": 13.407773208991824,
      "B_b": 14.34663518289591,
      "intensity_quantile_L1": 0.10427491846659288,
      "domain_gap_score": 1.0431368923706803
    },
    "steps": [
      {
        "step": "wilson_slope",
        "slope_before": -43.651494387648484,
        "slope_target": -14.233467273353554,
        "slope_after": -14.16588121236836,
        "B_extra": -14.709013557147465,
        "B_before": 43.651494387648484,
        "B_after": 14.16588121236836
      },
      {
        "step": "shell_means_relative",
        "n_shells_scaled": 12
      },
      {
        "step": "relock_slope_after_shells",
        "slope_before": -22.109787990250183,
        "slope_target": -14.233467273353554,
        "slope_after": -14.22194675053941,
        "B_extra": -3.9381603584483145,
        "B_before": 22.109787990250183,
        "B_after": 14.22194675053941
      },
      {
        "step": "quantiles_per_shell",
        "n_shells": 12
      },
      {
        "step": "relock_slope_after_quantiles",
        "slope_before": -14.263296886862816,
        "slope_target": -14.233467273353554,
        "slope_after": -14.233731781061607,
        "B_extra": -0.014914806754631194,
        "B_before": 14.263296886862816,
        "B_after": 14.233731781061607
      },
      {
        "step": "noise",
        "noise_level": 0.03
      }
    ],
    "config": {
      "match_slope": 1,
      "match_shells": 1,
      "match_quantiles": 1,
      "noise_level": 0.03,
      "resolution_overlap": 0,
      "relock_slope": 1
    }
  },
  "hard_vs_hard_self": 25.755459599670893,
  "fcalc_control_vs_hard_raw": {
    "n_synthetic": 4,
    "mean_domain_gap_score": 33.63384453384203,
    "std_domain_gap_score": 11.830317154724375,
    "min_domain_gap_score": 25.808714219407236,
    "max_domain_gap_score": 54.05755955381008
  },
  "fcalc_control_vs_hard_matched_to_exp": {
    "n_synthetic": 4,
    "mean_domain_gap_score": 22.9508231531253,
    "std_domain_gap_score": 0.15351941960345072,
    "min_domain_gap_score": 22.769133113527733,
    "max_domain_gap_score": 23.19131857102288
  }
}