{
  "n_synthetic": 20,
  "template_path": "data/processed/wilson_ref_template.npz",
  "experimental": "COD_2017775_exp_dmin1.2",
  "easy_vs_exp_raw": {
    "n_synthetic": 10,
    "mean_domain_gap_score": 2.185037039832175,
    "std_domain_gap_score": 1.0693555643639252,
    "min_domain_gap_score": 0.8197059040746253,
    "max_domain_gap_score": 3.694939554023486
  },
  "hard_vs_exp_raw": {
    "n_synthetic": 10,
    "mean_domain_gap_score": 9.499495009255082,
    "std_domain_gap_score": 2.9008125674503895,
    "min_domain_gap_score": 3.779482636403623,
    "max_domain_gap_score": 13.235749264145717
  },
  "all_vs_exp_raw": {
    "n_synthetic": 20,
    "mean_domain_gap_score": 5.842266024543628,
    "std_domain_gap_score": 4.260802891929016,
    "min_domain_gap_score": 0.8197059040746253,
    "max_domain_gap_score": 13.235749264145717
  },
  "ablations": {
    "slope_only": {
      "hard": {
        "n": 10,
        "mean_gap_before": 9.499495009255082,
        "mean_gap_after": 3.3006842692782135,
        "mean_reduction": 6.198810739976866,
        "mean_reduction_frac": 0.5781038053137219
      },
      "easy": {
        "n": 10,
        "mean_gap_before": 2.185037039832175,
        "mean_gap_after": 0.8130946668236347,
        "mean_reduction": 1.37194237300854,
        "mean_reduction_frac": 0.5565765920498595
      },
      "all": {
        "n": 20,
        "mean_gap_before": 5.842266024543628,
        "mean_gap_after": 2.0568894680509247,
        "mean_reduction": 3.7853765564927038,
        "mean_reduction_frac": 0.5673401986817909
      }
    },
    "slope_shells": {
      "hard": {
        "n": 10,
        "mean_gap_before": 9.499495009255082,
        "mean_gap_after": 3.0177045348344107,
        "mean_reduction": 6.481790474420668,
        "mean_reduction_frac": 0.6116873717162072
      },
      "easy": {
        "n": 10,
        "mean_gap_before": 2.185037039832175,
        "mean_gap_after": 1.5450413309476327,
        "mean_reduction": 0.639995708884542,
        "mean_reduction_frac": 0.3180535919797055
      },
      "all": {
        "n": 20,
        "mean_gap_before": 5.842266024543628,
        "mean_gap_after": 2.2813729328910215,
        "mean_reduction": 3.5608930916526047,
        "mean_reduction_frac": 0.46487048184795626
      }
    },
    "full": {
      "hard": {
        "n": 10,
        "mean_gap_before": 9.499495009255082,
        "mean_gap_after": 2.8392218476561797,
        "mean_reduction": 6.6602731615989,
        "mean_reduction_frac": 0.6375117664457164
      },
      "easy": {
        "n": 10,
        "mean_gap_before": 2.185037039832175,
        "mean_gap_after": 2.2509378145158103,
        "mean_reduction": -0.06590077468363538,
        "mean_reduction_frac": -6.473263078166647e-05
      },
      "all": {
        "n": 20,
        "mean_gap_before": 5.842266024543628,
        "mean_gap_after": 2.5026375704380417,
        "mean_reduction": 3.3396284541055854,
        "mean_reduction_frac": 0.3280535484534813
      }
    }
  },
  "hard_vs_exp_matched": {
    "n": 10,
    "mean_gap_before": 9.499495009255082,
    "mean_gap_after": 2.8392218476561797,
    "mean_reduction": 6.6602731615989,
    "mean_reduction_frac": 0.6375117664457164
  },
  "easy_vs_exp_matched": {
    "n": 10,
    "mean_gap_before": 2.185037039832175,
    "mean_gap_after": 2.2509378145158103,
    "mean_reduction": -0.06590077468363538,
    "mean_reduction_frac": -6.473263078166647e-05
  },
  "all_vs_exp_matched": {
    "n": 20,
    "mean_gap_before": 5.842266024543628,
    "mean_gap_after": 2.5026375704380417,
    "mean_reduction": 3.3396284541055854,
    "mean_reduction_frac": 0.3280535484534813
  },
  "example_hard_close": {
    "gap_before": 13.235749264145717,
    "gap_after": 2.8221845439896134,
    "gap_reduction": 10.413564720156103,
    "gap_reduction_frac": 0.7867756114393447,
    "wilson_before": {
      "slope_diff": 11.965675302019298,
      "B_a": 26.31231048491521,
      "B_b": 14.34663518289591,
      "intensity_quantile_L1": 0.13862515539686796,
      "domain_gap_score": 12.104300457416166
    },
    "wilson_after": {
      "slope_diff": 1.3427504721611712,
      "B_a": 15.689385655057082,
      "B_b": 14.34663518289591,
      "intensity_quantile_L1": 0.08614696796093281,
      "domain_gap_score": 1.428897440122104
    },
    "steps": [
      {
        "step": "wilson_slope",
        "slope_before": -25.054755336492512,
        "slope_target": -14.233467273353554,
        "slope_after": -14.078428069353905,
        "B_extra": -5.410644031569479,
        "B_before": 25.054755336492512,
        "B_after": 14.078428069353905
      },
      {
        "step": "shell_means_relative",
        "n_shells_scaled": 12
      },
      {
        "step": "relock_slope_after_shells",
        "slope_before": -22.778782975259986,
        "slope_target": -14.233467273353554,
        "slope_after": -14.121945321525812,
        "B_extra": -4.272657850953216,
        "B_before": 22.778782975259986,
        "B_after": 14.121945321525812
      },
      {
        "step": "quantiles_per_shell",
        "n_shells": 12
      },
      {
        "step": "relock_slope_after_quantiles",
        "slope_before": -15.577476497853214,
        "slope_target": -14.233467273353554,
        "slope_after": -14.213227051140027,
        "B_extra": -0.6720046122498298,
        "B_before": 15.577476497853214,
        "B_after": 14.213227051140027
      },
      {
        "step": "noise",
        "noise_level": 0.03
      }
    ],
    "config": {
      "match_slope": 1,
      "match_shells": 1,
      "match_quantiles": 1,
      "noise_level": 0.03,
      "resolution_overlap": 0,
      "relock_slope": 1
    }
  },
  "hard_vs_hard_self": 4.640185563996648,
  "fcalc_control_vs_hard_raw": {
    "n_synthetic": 10,
    "mean_domain_gap_score": 31.384446780415765,
    "std_domain_gap_score": 2.901721263191394,
    "min_domain_gap_score": 25.671684543277923,
    "max_domain_gap_score": 35.12795117102002
  },
  "fcalc_control_vs_hard_matched_to_exp": {
    "n_synthetic": 10,
    "mean_domain_gap_score": 23.43255601694334,
    "std_domain_gap_score": 1.416939643837009,
    "min_domain_gap_score": 20.687950389891927,
    "max_domain_gap_score": 26.318941452892904
  }
}